feature1,feature2,feature3,feature4,feature5,feature6,feature7,feature8,feature9,feature10,feature11,feature12,feature13,feature14,feature15,feature16,feature17,feature18,feature19,feature20,feature21,feature22,feature23,feature24,feature25,feature26,feature27,feature28,feature29,feature30,feature31,feature32,feature33,feature34,feature35,feature36,feature37,feature38,feature39,feature40,feature41,feature42,feature43,feature44,feature45,feature46,feature47,feature48,feature49,feature50,target_bernie
0.54836,0.31077,0.37524,0.4949,0.53217,0.48388,0.5022,0.59506,0.55422,0.48578,0.59966,0.45133,0.46165,0.58824,0.47648,0.54185,0.53035,0.52805,0.62023,0.54217,0.70297,0.69448,0.46862,0.51515,0.44668,0.53039,0.58756,0.36058,0.4192,0.46516,0.53498,0.63175,0.53577,0.36623,0.37073,0.54078,0.58522,0.64636,0.60431,0.42239,0.67937,0.32205,0.53407,0.46254,0.56658,0.46022,0.6376,0.55239,0.64054,0.52182,1
0.34712,0.40275,0.42747,0.44006,0.47866,0.44055,0.59182,0.68856,0.56543,0.57715,0.57795,0.55753,0.48289,0.46031,0.50983,0.41775,0.51362,0.49862,0.39821,0.61058,0.49282,0.58034,0.52376,0.41882,0.62424,0.50778,0.29379,0.50027,0.45552,0.3562,0.49544,0.35277,0.59167,0.52869,0.65674,0.47519,0.60547,0.56362,0.38146,0.58835,0.65277,0.46215,0.48303,0.35919,0.58709,0.55369,0.64628,0.46029,0.62941,0.5501,1
0.50871,0.48639,0.47544,0.40306,0.53436,0.64028,0.5142,0.63232,0.62101,0.48065,0.54203,0.55304,0.72525,0.57408,0.49368,0.41108,0.42165,0.4174,0.4935,0.41937,0.58758,0.40735,0.54397,0.4911,0.46319,0.47559,0.53655,0.33736,0.35971,0.57398,0.36414,0.44651,0.50714,0.53124,0.38978,0.54079,0.51058,0.54912,0.44611,0.41032,0.4919,0.50243,0.51624,0.48028,0.73195,0.42444,0.43228,0.40596,0.54731,0.39061,0
0.61363,0.40268,0.53779,0.37045,0.58711,0.599,0.62428,0.73602,0.43887,0.28383,0.49202,0.54222,0.70992,0.26707,0.72053,0.54136,0.51821,0.56212,0.46081,0.62571,0.32497,0.6433,0.39063,0.32134,0.45451,0.58448,0.40316,0.51858,0.4883,0.45194,0.20134,0.50705,0.38831,0.35573,0.52929,0.52327,0.48866,0.42828,0.5002,0.37528,0.5436,0.54347,0.46995,0.60385,0.56471,0.51203,0.35597,0.53878,0.47776,0.36835,0
0.30704,0.47273,0.54495,0.48692,0.47348,0.34695,0.41506,0.61225,0.56853,0.44104,0.45416,0.50839,0.40957,0.67414,0.45356,0.59333,0.50526,0.15084,0.40621,0.39427,0.66767,0.41428,0.52894,0.57846,0.58134,0.49488,0.5687,0.62991,0.45221,0.48362,0.71259,0.39272,0.70319,0.62108,0.49073,0.50437,0.36032,0.47219,0.46962,0.30812,0.71654,0.5405,0.39448,0.29495,0.61935,0.45651,0.53768,0.46431,0.49482,0.60452,1
0.52336,0.59136,0.60506,0.30085,0.41742,0.4729,0.56301,0.5304,0.5446,0.22608,0.57915,0.73034,0.61799,0.26553,0.60789,0.49618,0.27407,0.53277,0.47965,0.41436,0.57906,0.64659,0.63101,0.47962,0.60783,0.49047,0.65784,0.41711,0.38392,0.37469,0.56569,0.53924,0.38409,0.30655,0.3676,0.70845,0.42199,0.45252,0.50912,0.27482,0.66974,0.45416,0.40937,0.61604,0.53348,0.41739,0.77929,0.55917,0.3126,0.35691,0
0.30875,0.6251,0.35229,0.48021,0.71347,0.36977,0.57899,0.64916,0.38002,0.39234,0.68017,0.39201,0.39819,0.53013,0.39707,0.57309,0.76233,0.42802,0.45909,0.45574,0.30975,0.48983,0.48783,0.43151,0.55201,0.32713,0.54261,0.69575,0.49814,0.59427,0.43536,0.309,0.3996,0.59848,0.66484,0.19943,0.59125,0.33412,0.36934,0.48568,0.66281,0.68661,0.44477,0.35751,0.518,0.53087,0.37103,0.40538,0.5269,0.39767,1
0.40632,0.3059,0.43227,0.61999,0.51016,0.52714,0.74017,0.52557,0.58341,0.5082,0.4759,0.36048,0.32665,0.42663,0.5921,0.41669,0.63693,0.40176,0.64026,0.69114,0.29736,0.70834,0.35639,0.54151,0.46453,0.68653,0.39541,0.39115,0.33981,0.59101,0.32402,0.45761,0.48699,0.5938,0.49867,0.62606,0.51442,0.47572,0.42935,0.52897,0.67046,0.5222,0.40488,0.56553,0.43652,0.59316,0.46813,0.77664,0.51623,0.49104,0
0.48193,0.2706,0.50228,0.63037,0.50734,0.45545,0.41927,0.37987,0.5676,0.69663,0.43361,0.49652,0.63181,0.59003,0.44158,0.60275,0.69807,0.25913,0.4939,0.5924,0.7223,0.56944,0.49686,0.43238,0.29312,0.60739,0.47737,0.53395,0.48361,0.62892,0.7503,0.57245,0.58354,0.41086,0.58325,0.58694,0.63469,0.46948,0.54252,0.38721,0.46974,0.51238,0.48858,0.54445,0.50292,0.45196,0.3928,0.52887,0.44384,0.57269,0
0.51191,0.53663,0.42109,0.38838,0.51222,0.53249,0.70187,0.46131,0.55618,0.42406,0.59259,0.53249,0.45239,0.3535,0.57545,0.5005,0.46198,0.45553,0.51296,0.56003,0.35921,0.63788,0.59551,0.43695,0.62368,0.54916,0.60375,0.4762,0.27911,0.31951,0.28511,0.50133,0.34441,0.44052,0.53679,0.57345,0.59747,0.52662,0.43908,0.49515,0.45967,0.56845,0.4133,0.54114,0.59518,0.60603,0.54692,0.58353,0.42566,0.50082,1
0.51829,0.52928,0.41085,0.44842,0.49727,0.66198,0.53513,0.61826,0.57195,0.44052,0.46935,0.51474,0.39723,0.42101,0.63555,0.53477,0.52097,0.47449,0.44444,0.45969,0.34451,0.56696,0.61099,0.36257,0.53839,0.46217,0.56985,0.48312,0.44867,0.57176,0.44138,0.36331,0.55274,0.54672,0.51106,0.55516,0.4217,0.45382,0.55502,0.34179,0.57087,0.52305,0.42336,0.59215,0.54531,0.52702,0.46894,0.54271,0.43434,0.5272,0
0.61895,0.44075,0.61466,0.51365,0.45339,0.51101,0.39488,0.51222,0.32727,0.55933,0.40297,0.5837,0.59333,0.59639,0.45591,0.68933,0.5552,0.47569,0.45141,0.55754,0.68822,0.49737,0.70864,0.49789,0.52099,0.39029,0.59004,0.72631,0.53495,0.61466,0.60923,0.73814,0.45891,0.23776,0.62341,0.58611,0.66615,0.37873,0.51939,0.31156,0.55086,0.20784,0.53264,0.59172,0.3952,0.42316,0.58157,0.33293,0.30265,0.45951,0
0.45529,0.28276,0.61272,0.48615,0.5459,0.59111,0.55893,0.60528,0.67403,0.40923,0.42836,0.51229,0.59586,0.5814,0.39888,0.4355,0.3777,0.23365,0.51573,0.54856,0.56803,0.63806,0.551,0.46389,0.43327,0.67776,0.46096,0.31001,0.43577,0.41542,0.25574,0.51966,0.38578,0.61424,0.38498,0.59147,0.31565,0.50282,0.42173,0.34374,0.46649,0.72277,0.19651,0.36358,0.79119,0.56795,0.48702,0.55932,0.46798,0.53359,1
0.48717,0.28982,0.38631,0.58569,0.46994,0.51753,0.41116,0.31197,0.70509,0.528,0.4564,0.51862,0.54722,0.53684,0.53055,0.76169,0.79073,0.12951,0.20633,0.51558,0.56495,0.42686,0.65303,0.51495,0.38243,0.63314,0.57115,0.74999,0.57749,0.52456,0.75996,0.40857,0.61879,0.39406,0.56842,0.55301,0.47586,0.32989,0.64156,0.37718,0.52335,0.60292,0.61684,0.58628,0.35888,0.5689,0.35097,0.55347,0.42172,0.72972,0
0.42585,0.56616,0.62732,0.40727,0.36868,0.51526,0.29604,0.37365,0.53897,0.41792,0.40819,0.40889,0.37281,0.42428,0.53136,0.4589,0.44323,0.46282,0.48605,0.47045,0.64202,0.45111,0.61889,0.52113,0.60787,0.36074,0.66399,0.51484,0.42929,0.56607,0.65366,0.65133,0.54668,0.53844,0.43304,0.51923,0.50235,0.51845,0.52996,0.49281,0.50272,0.43667,0.48088,0.43246,0.43143,0.56102,0.63884,0.5348,0.48525,0.59524,1
0.51657,0.52352,0.41695,0.39198,0.54481,0.5588,0.4824,0.65028,0.56486,0.43535,0.56897,0.54465,0.52611,0.51718,0.64902,0.3136,0.4412,0.65808,0.5173,0.36418,0.52815,0.50433,0.65062,0.42194,0.51966,0.54174,0.52824,0.40826,0.48141,0.57127,0.48659,0.439,0.56333,0.46266,0.45218,0.49069,0.52993,0.56651,0.45988,0.55186,0.49048,0.48406,0.59643,0.50149,0.56315,0.5109,0.53678,0.45665,0.50711,0.59955,0
0.45073,0.56795,0.25294,0.37918,0.65944,0.61828,0.62431,0.66486,0.60178,0.48113,0.59316,0.44608,0.53382,0.61573,0.5401,0.40305,0.47487,0.67415,0.56409,0.43927,0.59574,0.6141,0.63481,0.48937,0.55522,0.3929,0.61458,0.31298,0.34863,0.58122,0.47013,0.36233,0.54518,0.45733,0.27197,0.49986,0.5667,0.4807,0.39643,0.38152,0.68477,0.34753,0.45574,0.43188,0.54729,0.49118,0.60151,0.4461,0.57642,0.62569,0
0.53833,0.43619,0.58892,0.5374,0.32951,0.44737,0.39056,0.37386,0.53814,0.41978,0.43901,0.60781,0.40287,0.35936,0.51734,0.46383,0.48313,0.57653,0.58315,0.34493,0.49828,0.39387,0.65061,0.60288,0.5057,0.43187,0.64978,0.57454,0.51392,0.59629,0.69741,0.5585,0.48229,0.29323,0.46421,0.72882,0.43808,0.60547,0.56172,0.60298,0.44852,0.50936,0.56687,0.67639,0.33868,0.62398,0.63199,0.64044,0.22801,0.44203,1
0.33576,0.54933,0.39919,0.51449,0.44705,0.53717,0.53424,0.3549,0.61636,0.48354,0.6089,0.64542,0.41963,0.41484,0.58228,0.50819,0.50506,0.35614,0.35187,0.45213,0.34914,0.40997,0.61958,0.35356,0.5838,0.47836,0.60112,0.58411,0.33904,0.55909,0.45445,0.334,0.34562,0.73604,0.64564,0.56205,0.49153,0.39389,0.48562,0.43946,0.35045,0.54995,0.45058,0.38842,0.61244,0.43814,0.59098,0.53355,0.49124,0.39731,1
0.47469,0.38517,0.53743,0.46013,0.63523,0.48265,0.50777,0.40953,0.5031,0.45557,0.24934,0.50012,0.47266,0.46006,0.40715,0.48772,0.6569,0.48528,0.50053,0.53866,0.52267,0.55511,0.46478,0.34048,0.3184,0.30338,0.44545,0.56841,0.59471,0.47623,0.54968,0.4782,0.45564,0.37134,0.64857,0.49489,0.69515,0.47735,0.61888,0.51636,0.36225,0.59407,0.37941,0.57585,0.39776,0.56375,0.50876,0.4897,0.4192,0.38751,0
0.83431,0.36147,0.69324,0.49827,0.22947,0.46324,0.49544,0.2519,0.5541,0.51032,0.35033,0.71015,0.52584,0.22659,0.79005,0.42301,0.40102,0.46079,0.47516,0.4249,0.34749,0.52482,0.59599,0.32041,0.36131,0.64676,0.67804,0.50535,0.60801,0.57281,0.61156,0.5571,0.45541,0.32988,0.53216,0.51056,0.45901,0.59979,0.73254,0.49956,0.14161,0.5203,0.66922,0.78646,0.54271,0.57635,0.50232,0.75846,0.3129,0.61816,1
0.49314,0.31,0.36538,0.49332,0.68842,0.59665,0.57461,0.46332,0.47586,0.35164,0.63138,0.58308,0.6072,0.38348,0.65779,0.68704,0.80697,0.56392,0.41653,0.45633,0.52474,0.67592,0.56214,0.32461,0.23794,0.63775,0.54953,0.6071,0.5788,0.62146,0.66905,0.5871,0.44656,0.20792,0.53952,0.62064,0.51354,0.3554,0.66193,0.41142,0.47295,0.72928,0.67914,0.7529,0.35419,0.56178,0.3138,0.54245,0.4088,0.53372,0
0.65183,0.40688,0.52271,0.69467,0.627,0.50894,0.44084,0.40943,0.4672,0.25635,0.4609,0.42341,0.33334,0.46575,0.47818,0.59057,0.74438,0.74094,0.66598,0.39463,0.48376,0.65046,0.68439,0.64689,0.25976,0.32771,0.5967,0.70054,0.63644,0.78946,0.5203,0.517,0.31617,0.26279,0.37942,0.59384,0.52029,0.31656,0.74452,0.50571,0.51529,0.42466,0.52033,0.64686,0.16275,0.55653,0.56242,0.64244,0.17882,0.40123,0
0.67869,0.46261,0.38758,0.33676,0.43296,0.56874,0.67007,0.56741,0.25917,0.54421,0.34055,0.52054,0.23422,0.28932,0.85496,0.27205,0.36483,0.66467,0.79557,0.59127,0.0841,0.62595,0.59704,0.31207,0.71315,0.58619,0.62732,0.38992,0.46771,0.44204,0.29388,0.52303,0.42782,0.35663,0.57127,0.59128,0.65924,0.71893,0.53642,0.69995,0.40765,0.36825,0.52406,0.78966,0.54095,0.66756,0.55904,0.63132,0.46647,0.53402,0
0.59925,0.43286,0.46698,0.39413,0.58728,0.38304,0.60579,0.61041,0.48404,0.27774,0.5091,0.63948,0.55524,0.58094,0.59713,0.41279,0.23562,0.6047,0.78726,0.38933,0.6136,0.67937,0.69113,0.34232,0.50133,0.50846,0.70787,0.37748,0.42547,0.42477,0.52896,0.58709,0.46142,0.34173,0.27057,0.64206,0.51174,0.52414,0.71214,0.39973,0.35788,0.4871,0.3699,0.52537,0.65464,0.35941,0.76818,0.50472,0.33878,0.56262,0
0.37634,0.43578,0.43619,0.45756,0.39833,0.58444,0.48982,0.51634,0.69669,0.40036,0.38245,0.49505,0.45985,0.4485,0.57025,0.60978,0.52272,0.31978,0.37431,0.58879,0.48288,0.49929,0.61896,0.55197,0.70527,0.41823,0.52943,0.56312,0.39062,0.54426,0.46581,0.44653,0.61248,0.58224,0.49292,0.62692,0.4198,0.38636,0.31433,0.37781,0.73316,0.49075,0.35486,0.40537,0.52577,0.57523,0.6177,0.58255,0.52865,0.63495,0
0.50558,0.47651,0.53912,0.48904,0.43819,0.5396,0.55395,0.49475,0.55936,0.37433,0.55402,0.60124,0.299,0.42964,0.59078,0.3275,0.37668,0.56447,0.61608,0.48531,0.42334,0.39469,0.73234,0.35535,0.68144,0.56247,0.67274,0.54075,0.39012,0.4569,0.37531,0.47668,0.424,0.49016,0.44218,0.55432,0.48368,0.51573,0.49498,0.53467,0.32325,0.54048,0.38644,0.43012,0.57931,0.50766,0.6773,0.49973,0.47976,0.44513,0
0.46657,0.2871,0.44637,0.50982,0.63898,0.45895,0.50982,0.449,0.42161,0.56894,0.54869,0.445,0.65118,0.5196,0.53867,0.66081,0.83921,0.41519,0.44138,0.60718,0.58213,0.60796,0.43773,0.4181,0.22394,0.66589,0.47188,0.62656,0.602,0.54519,0.64661,0.61551,0.46585,0.29755,0.62121,0.64823,0.71174,0.43362,0.56864,0.5555,0.51718,0.60158,0.61187,0.63737,0.41433,0.55235,0.2657,0.52851,0.43489,0.48806,0
0.33571,0.45678,0.25402,0.47962,0.50144,0.58369,0.62196,0.52456,0.68155,0.43564,0.62748,0.44713,0.29974,0.26534,0.63073,0.462,0.60531,0.53814,0.39493,0.62935,0.2246,0.62534,0.42974,0.40326,0.57634,0.42247,0.4972,0.38287,0.26913,0.35009,0.31321,0.2563,0.37311,0.59707,0.50692,0.53743,0.57488,0.53947,0.43889,0.51861,0.55234,0.52619,0.60435,0.45682,0.42641,0.57382,0.52856,0.7912,0.72922,0.49451,0
0.35224,0.48464,0.47109,0.41567,0.57632,0.34524,0.58772,0.69846,0.533,0.30339,0.63841,0.57247,0.45487,0.60197,0.60551,0.2881,0.32332,0.39784,0.65364,0.40624,0.56395,0.43501,0.6601,0.30718,0.69706,0.52342,0.65928,0.37401,0.30853,0.46649,0.40469,0.49744,0.58582,0.55993,0.38424,0.50342,0.33965,0.5857,0.53822,0.42917,0.36455,0.7813,0.31754,0.23597,0.72476,0.43442,0.64622,0.47177,0.55393,0.49058,1
0.36655,0.2991,0.51425,0.52617,0.62899,0.48757,0.41111,0.34621,0.42092,0.72309,0.43875,0.34102,0.36038,0.57291,0.63292,0.33679,0.67911,0.36285,0.57081,0.57883,0.59898,0.49572,0.50907,0.27217,0.34552,0.66283,0.38009,0.53806,0.51693,0.6077,0.79772,0.5515,0.59581,0.45557,0.64702,0.59709,0.68589,0.56028,0.53007,0.66745,0.25171,0.55259,0.55215,0.60601,0.47337,0.50324,0.42761,0.46196,0.41291,0.69792,0
0.32508,0.6212,0.50031,0.58767,0.71391,0.46857,0.51724,0.47635,0.62968,0.32232,0.53116,0.31922,0.35518,0.55231,0.67758,0.54103,0.61376,0.52244,0.48021,0.35014,0.37551,0.55181,0.61431,0.33203,0.5908,0.47166,0.7283,0.61496,0.43095,0.78915,0.48128,0.12669,0.64331,0.47952,0.25092,0.4875,0.29446,0.16816,0.70128,0.39753,0.39625,0.70881,0.45601,0.33058,0.41234,0.57918,0.51537,0.65875,0.46094,0.69294,0
0.51624,0.65353,0.52143,0.46399,0.27679,0.33045,0.29266,0.24533,0.37439,0.47594,0.60606,0.43828,0.42674,0.30214,0.47952,0.54739,0.72616,0.51746,0.49288,0.39823,0.35496,0.41004,0.53003,0.51342,0.42167,0.3976,0.81235,0.56891,0.68322,0.46725,0.54531,0.49285,0.38926,0.27617,0.56138,0.33698,0.72489,0.52693,0.59152,0.54532,0.55693,0.42682,0.66117,0.58743,0.43951,0.57353,0.32998,0.7491,0.41709,0.44112,0
0.25008,0.51731,0.44838,0.50115,0.43137,0.43849,0.66935,0.5113,0.60193,0.42261,0.53409,0.6047,0.40885,0.46243,0.68703,0.43545,0.50082,0.33029,0.51959,0.42528,0.37744,0.62382,0.45006,0.27243,0.55397,0.59034,0.58663,0.45718,0.34854,0.55778,0.44291,0.28326,0.61785,0.75712,0.53302,0.41161,0.25293,0.40234,0.55011,0.44048,0.5243,0.72281,0.3631,0.34584,0.71821,0.48743,0.59653,0.63438,0.59169,0.64095,1
0.35607,0.49942,0.75778,0.5169,0.27215,0.3296,0.38097,0.70501,0.4299,0.64597,0.4482,0.6226,0.55774,0.73399,0.33119,0.32611,0.33981,0.31783,0.55993,0.3436,0.81256,0.43308,0.43612,0.64612,0.47449,0.57323,0.48292,0.49742,0.52963,0.61145,0.69065,0.39672,0.79733,0.56458,0.41712,0.55146,0.3559,0.5154,0.28887,0.42232,0.73902,0.40175,0.27866,0.29217,0.74393,0.3419,0.66821,0.37752,0.41799,0.5806,0
0.39517,0.20913,0.47198,0.52694,0.40096,0.59861,0.56345,0.45942,0.43181,0.48827,0.35465,0.35038,0.44392,0.24614,0.65231,0.6844,0.89369,0.27482,0.34612,0.85934,0.25609,0.70288,0.41952,0.42312,0.43403,0.59837,0.45646,0.55375,0.61561,0.42781,0.25771,0.55796,0.34215,0.39093,0.66169,0.52725,0.59923,0.40428,0.29987,0.4092,0.67266,0.63401,0.58678,0.58581,0.38986,0.68844,0.07891,0.76398,0.69525,0.53905,1
0.56576,0.40458,0.45503,0.38724,0.72667,0.55752,0.51855,0.61916,0.37759,0.52822,0.39687,0.44176,0.50101,0.66589,0.3785,0.61506,0.55159,0.3234,0.64225,0.65329,0.62747,0.61643,0.44075,0.44847,0.44363,0.39539,0.52902,0.45304,0.44364,0.49896,0.47717,0.48043,0.55576,0.40088,0.52433,0.44468,0.73093,0.50406,0.38727,0.44013,0.55452,0.45287,0.26581,0.47284,0.68493,0.49126,0.44195,0.34391,0.58649,0.51575,0
0.23499,0.44375,0.30148,0.50797,0.65425,0.31385,0.68361,0.74796,0.65637,0.49707,0.7713,0.55111,0.62231,0.62633,0.54201,0.50882,0.52573,0.486,0.35089,0.46494,0.70646,0.66665,0.55169,0.56545,0.59206,0.47135,0.49603,0.38003,0.25963,0.53114,0.61555,0.36703,0.57616,0.49796,0.33465,0.45973,0.35137,0.50908,0.40831,0.37342,0.7105,0.53267,0.50977,0.29383,0.58679,0.33694,0.62789,0.52319,0.52239,0.55397,1
0.46296,0.36278,0.57346,0.57452,0.56346,0.36694,0.49491,0.66184,0.33287,0.45961,0.56888,0.3666,0.46097,0.77354,0.40511,0.39926,0.49918,0.48424,0.75305,0.48657,0.68265,0.6835,0.48376,0.51221,0.47273,0.56254,0.63066,0.34758,0.53899,0.7128,0.45514,0.61308,0.66785,0.47302,0.22642,0.49461,0.49487,0.50029,0.55404,0.47749,0.55182,0.482,0.40525,0.25029,0.61227,0.55702,0.50213,0.51403,0.5649,0.5215,1
0.44892,0.59118,0.74134,0.31498,0.35656,0.53801,0.14356,0.52404,0.43566,0.58834,0.3992,0.45516,0.62896,0.30865,0.65025,0.55966,0.48243,0.44026,0.3959,0.48813,0.55349,0.37621,0.55232,0.40807,0.61065,0.3971,0.46662,0.5737,0.55248,0.52606,0.54881,0.68098,0.57038,0.35227,0.68055,0.54085,0.52062,0.50194,0.36838,0.42306,0.40577,0.3732,0.56519,0.49714,0.43868,0.59015,0.43769,0.49997,0.42481,0.46751,0
0.32934,0.66345,0.57193,0.39337,0.27974,0.3118,0.37693,0.58143,0.51962,0.54345,0.46507,0.54271,0.34838,0.59693,0.51175,0.19651,0.24812,0.40282,0.72201,0.35098,0.66107,0.37491,0.61645,0.50708,0.78133,0.47446,0.73499,0.35896,0.28325,0.53103,0.36637,0.57742,0.66011,0.68745,0.3852,0.47887,0.3954,0.61234,0.47641,0.4343,0.42159,0.38801,0.47813,0.28692,0.65879,0.46572,0.72782,0.40935,0.57444,0.52582,1
0.6863,0.37165,0.59817,0.41592,0.56154,0.56107,0.43663,0.43212,0.32077,0.66422,0.33755,0.35183,0.58622,0.43536,0.6021,0.55033,0.80022,0.58377,0.5286,0.54185,0.39391,0.62009,0.34928,0.47922,0.19011,0.60267,0.47248,0.58153,0.86533,0.64096,0.51971,0.5321,0.4755,0.34361,0.58878,0.53439,0.80064,0.42206,0.54789,0.64668,0.44626,0.41128,0.79225,0.79915,0.32261,0.77116,0.22519,0.55545,0.47604,0.57365,0
0.24202,0.68731,0.62161,0.26852,0.15352,0.48296,0.22794,0.41404,0.51962,0.62453,0.48613,0.68659,0.59114,0.41071,0.58536,0.24626,0.32611,0.3814,0.44382,0.28204,0.74138,0.27635,0.61859,0.52141,0.64184,0.36037,0.56844,0.36328,0.59406,0.47963,0.80242,0.52989,0.76079,0.48605,0.43397,0.5146,0.43415,0.64672,0.19935,0.54667,0.61079,0.48483,0.43283,0.44838,0.60446,0.57273,0.62676,0.36833,0.36665,0.59736,1
0.58394,0.33864,0.5463,0.32941,0.46099,0.40055,0.50569,0.67883,0.19976,0.56548,0.32786,0.41836,0.2948,0.43626,0.72097,0.16527,0.44325,0.53943,0.86234,0.39744,0.38948,0.71523,0.3913,0.47238,0.41794,0.70535,0.53493,0.36791,0.81534,0.44888,0.53352,0.46004,0.65728,0.39772,0.39072,0.43853,0.48348,0.7669,0.58596,0.8385,0.53901,0.59617,0.60697,0.67881,0.66296,0.80226,0.41698,0.56609,0.47879,0.72651,0
0.53004,0.53436,0.54178,0.38853,0.44013,0.58733,0.49815,0.3649,0.69291,0.3526,0.49129,0.59096,0.34389,0.28756,0.54455,0.36435,0.44412,0.61915,0.51511,0.4128,0.34961,0.49386,0.61332,0.46139,0.49109,0.45242,0.66782,0.45862,0.46718,0.42626,0.35633,0.42631,0.33632,0.48206,0.47136,0.62805,0.51227,0.50576,0.54661,0.50583,0.36937,0.56384,0.43435,0.49326,0.45827,0.59615,0.66369,0.75786,0.51899,0.47872,1
0.40233,0.44719,0.62607,0.27268,0.52294,0.65774,0.6505,0.60442,0.45014,0.37237,0.50554,0.56547,0.60082,0.28138,0.64077,0.50639,0.44568,0.50026,0.4204,0.62184,0.55183,0.75001,0.48301,0.44461,0.54192,0.72561,0.35563,0.52245,0.42325,0.32536,0.429,0.55325,0.52145,0.39217,0.5757,0.59753,0.5078,0.40094,0.43621,0.47641,0.62477,0.49101,0.43696,0.54057,0.56494,0.51168,0.6544,0.52099,0.37306,0.4935,0
0.48202,0.36217,0.42992,0.29334,0.63041,0.58067,0.51195,0.72562,0.49311,0.37282,0.4686,0.3049,0.52329,0.65204,0.54635,0.54589,0.52397,0.44707,0.64666,0.61583,0.6445,0.65143,0.46127,0.46354,0.54307,0.51896,0.62353,0.40417,0.44165,0.36917,0.41762,0.61743,0.55996,0.35066,0.37583,0.60435,0.48894,0.53639,0.60825,0.36435,0.65175,0.48608,0.3512,0.43231,0.58941,0.54934,0.42679,0.5407,0.60791,0.585,0
0.41842,0.61784,0.33326,0.27713,0.20892,0.51802,0.54074,0.47957,0.55813,0.67591,0.56195,0.63692,0.37055,0.39244,0.62808,0.291,0.40129,0.51605,0.53758,0.42259,0.45912,0.33383,0.52112,0.60508,0.74923,0.40872,0.65532,0.37438,0.37371,0.4273,0.5877,0.47505,0.62961,0.48446,0.55051,0.62006,0.61241,0.76737,0.32616,0.70045,0.7311,0.28652,0.69009,0.62892,0.42849,0.70281,0.62353,0.5291,0.53969,0.44857,1
0.487,0.61534,0.5842,0.28718,0.47257,0.506,0.54104,0.76918,0.5619,0.25643,0.71079,0.45664,0.57926,0.41371,0.61364,0.44164,0.5131,0.74713,0.46131,0.42387,0.57298,0.53269,0.43055,0.55646,0.56103,0.31394,0.59381,0.4409,0.45915,0.50331,0.40708,0.48611,0.53835,0.404,0.35464,0.48337,0.34843,0.52511,0.53464,0.41856,0.65118,0.44239,0.56245,0.4464,0.40188,0.55435,0.48986,0.56402,0.50691,0.40246,0
0.47263,0.31385,0.34943,0.37542,0.5736,0.494,0.52945,0.66937,0.53748,0.45449,0.53843,0.55786,0.46886,0.60554,0.62281,0.27592,0.47089,0.46245,0.59346,0.48822,0.58041,0.55745,0.62309,0.39324,0.48541,0.6607,0.51814,0.36161,0.54542,0.45964,0.55037,0.55174,0.58335,0.4609,0.44469,0.65372,0.50382,0.62251,0.47646,0.46415,0.5332,0.60917,0.48515,0.48115,0.66435,0.55744,0.46092,0.47699,0.51777,0.62041,1
0.50418,0.39751,0.32803,0.48968,0.53789,0.45498,0.64841,0.61848,0.50716,0.38885,0.50872,0.566,0.42912,0.60027,0.5435,0.305,0.46103,0.62939,0.64942,0.36177,0.59068,0.59412,0.66763,0.5573,0.43882,0.53754,0.56793,0.37952,0.50894,0.53403,0.52939,0.43946,0.49106,0.34557,0.33793,0.58731,0.39308,0.56401,0.49978,0.46954,0.62597,0.421,0.44074,0.55182,0.55546,0.45258,0.64505,0.53339,0.3141,0.63804,1
0.18478,0.45394,0.63792,0.62496,0.47734,0.33877,0.42138,0.57294,0.4101,0.52078,0.34123,0.4651,0.32346,0.66635,0.5082,0.44488,0.61341,0.34826,0.54475,0.38794,0.62498,0.57512,0.50226,0.4475,0.52475,0.46792,0.48457,0.58015,0.51191,0.70016,0.70313,0.44575,0.82845,0.63891,0.48066,0.51323,0.33647,0.38965,0.54173,0.39596,0.68447,0.55341,0.24476,0.28789,0.5506,0.59441,0.74689,0.41842,0.49674,0.73627,0
0.3941,0.49945,0.52467,0.38863,0.30276,0.31763,0.40356,0.53357,0.5295,0.51874,0.59351,0.41301,0.49234,0.44271,0.4565,0.44779,0.50039,0.30717,0.46632,0.52586,0.49327,0.37694,0.40277,0.54818,0.56303,0.48457,0.6373,0.44496,0.4356,0.37004,0.47638,0.39222,0.55404,0.55288,0.51487,0.40156,0.52939,0.67229,0.49131,0.477,0.56551,0.46206,0.65375,0.4171,0.60925,0.60013,0.38681,0.63672,0.67658,0.46315,0
0.43677,0.39242,0.46402,0.37989,0.64487,0.5321,0.56933,0.7362,0.69186,0.45286,0.51191,0.4638,0.51887,0.6354,0.49126,0.32274,0.48778,0.64803,0.58934,0.41276,0.64775,0.66378,0.43205,0.50988,0.49478,0.48092,0.37511,0.3052,0.43811,0.41618,0.39718,0.38541,0.55032,0.54062,0.40357,0.54301,0.5308,0.62962,0.44968,0.56624,0.54378,0.44215,0.44353,0.38867,0.54106,0.6028,0.6414,0.50917,0.61928,0.54796,0
0.40392,0.53671,0.34454,0.37939,0.51951,0.39731,0.52643,0.70909,0.59639,0.32752,0.6207,0.44996,0.54416,0.53725,0.52277,0.37792,0.44414,0.62548,0.53915,0.44426,0.61879,0.51937,0.52521,0.45516,0.59224,0.31884,0.6533,0.3476,0.31632,0.37938,0.49565,0.41979,0.65424,0.45607,0.26955,0.40624,0.58129,0.61667,0.53517,0.4524,0.60846,0.40326,0.47246,0.28306,0.58085,0.40577,0.62218,0.54703,0.65352,0.45489,0
0.60601,0.49165,0.66537,0.48488,0.34118,0.3554,0.5855,0.63932,0.38991,0.49304,0.4664,0.58939,0.52513,0.56899,0.52638,0.44095,0.40765,0.3433,0.70244,0.43157,0.54485,0.61143,0.49746,0.47319,0.42646,0.73883,0.63327,0.50528,0.49951,0.53893,0.50023,0.52099,0.55249,0.53064,0.4729,0.4747,0.40542,0.4919,0.61211,0.39556,0.53252,0.47913,0.39453,0.50732,0.70744,0.42674,0.53341,0.5589,0.42881,0.54074,1
0.61565,0.44043,0.27248,0.4217,0.41409,0.45416,0.81518,0.46891,0.46063,0.28526,0.49235,0.67231,0.21268,0.29925,0.8292,0.3205,0.37641,0.61085,0.75369,0.44138,0.18658,0.75071,0.62409,0.46965,0.58904,0.59393,0.6944,0.32638,0.48863,0.40611,0.36336,0.4656,0.37294,0.3565,0.37348,0.59513,0.41759,0.63885,0.64354,0.56161,0.53838,0.50252,0.52235,0.76034,0.54794,0.61407,0.61487,0.78952,0.41391,0.49959,0
0.51083,0.28953,0.29604,0.42012,0.59301,0.473,0.83396,0.6176,0.40317,0.48076,0.51086,0.56243,0.3082,0.55036,0.796,0.21073,0.41229,0.54213,0.8117,0.58511,0.32464,0.70783,0.52523,0.37919,0.64377,0.63858,0.56701,0.29182,0.39074,0.57846,0.37319,0.54873,0.60905,0.46509,0.45431,0.62515,0.52052,0.67684,0.46828,0.63742,0.46638,0.58902,0.49743,0.65155,0.5521,0.66796,0.51822,0.51186,0.52405,0.66466,0
0.18417,0.3881,0.45786,0.55976,0.49142,0.3171,0.54425,0.54169,0.54184,0.47414,0.56328,0.41351,0.44132,0.65664,0.37011,0.40528,0.62266,0.3523,0.58951,0.50657,0.69189,0.47164,0.43829,0.56583,0.52898,0.46449,0.63341,0.49114,0.33564,0.54452,0.67988,0.39432,0.59621,0.57135,0.39501,0.55324,0.46578,0.50692,0.50834,0.43971,0.73765,0.57145,0.41211,0.30201,0.496,0.42206,0.61295,0.52282,0.60617,0.5149,1
0.21487,0.39979,0.33173,0.41859,0.55697,0.641,0.63139,0.62093,0.82036,0.5312,0.617,0.50381,0.47499,0.53402,0.53547,0.46096,0.45474,0.31922,0.3525,0.58942,0.48465,0.56901,0.43908,0.41122,0.63317,0.48491,0.49886,0.31494,0.15855,0.41426,0.35481,0.39011,0.56097,0.73951,0.52778,0.57031,0.42756,0.54188,0.40914,0.42427,0.57732,0.59589,0.38419,0.27666,0.62834,0.5516,0.49299,0.55275,0.7652,0.53475,1
0.6851,0.45957,0.40552,0.31733,0.5391,0.41364,0.79107,0.43981,0.59705,0.43817,0.58249,0.52788,0.61563,0.46121,0.57811,0.53088,0.47261,0.54903,0.51733,0.56233,0.45752,0.60868,0.51819,0.65206,0.6254,0.42477,0.77444,0.37693,0.40316,0.47736,0.42896,0.57915,0.38019,0.29476,0.21842,0.71384,0.63875,0.52926,0.50414,0.37749,0.67664,0.37673,0.62368,0.65177,0.3823,0.69748,0.55597,0.69533,0.51824,0.43814,0
0.39167,0.3075,0.5042,0.47559,0.76109,0.64299,0.41078,0.60002,0.67742,0.38296,0.394,0.41693,0.55837,0.64026,0.40076,0.45281,0.49323,0.34173,0.49265,0.44948,0.61719,0.56105,0.6633,0.32312,0.40418,0.61783,0.41926,0.44869,0.55522,0.45244,0.32386,0.45766,0.38766,0.60198,0.50768,0.52881,0.37956,0.42748,0.46672,0.39856,0.2964,0.78364,0.20444,0.31193,0.76569,0.55608,0.48275,0.45602,0.39021,0.66607,1
0.52766,0.47435,0.44228,0.24252,0.47506,0.48052,0.48973,0.61837,0.6162,0.51833,0.51577,0.56773,0.46955,0.50936,0.49449,0.42835,0.3751,0.49767,0.54126,0.4802,0.57452,0.59384,0.44424,0.54099,0.6195,0.46958,0.52392,0.34975,0.38658,0.28857,0.51742,0.59336,0.52822,0.53623,0.52796,0.57105,0.56871,0.71321,0.4613,0.52594,0.61268,0.427,0.39541,0.54331,0.66536,0.62311,0.75825,0.48891,0.50194,0.51288,1
0.76075,0.4478,0.53342,0.41224,0.56707,0.24937,0.75484,0.4349,0.35083,0.39803,0.54808,0.53665,0.72191,0.36644,0.58358,0.4897,0.51848,0.47461,0.56797,0.39189,0.35274,0.69896,0.45169,0.42335,0.26776,0.562,0.6653,0.58371,0.72442,0.49559,0.45011,0.44956,0.5732,0.22239,0.50125,0.41121,0.66485,0.48572,0.81077,0.56861,0.29375,0.61612,0.65992,0.73009,0.59499,0.63225,0.49131,0.53733,0.39209,0.48161,0
0.74001,0.5467,0.61038,0.20684,0.48938,0.71443,0.61645,0.49587,0.53173,0.50449,0.33884,0.58865,0.53901,0.23289,0.77139,0.43929,0.39821,0.63619,0.46838,0.56029,0.25518,0.67462,0.51634,0.4123,0.5025,0.5394,0.58249,0.46704,0.55569,0.44186,0.29664,0.3874,0.36279,0.32858,0.44615,0.70011,0.57728,0.4556,0.50529,0.45579,0.34513,0.48268,0.66163,0.87453,0.50347,0.70909,0.49108,0.59424,0.44319,0.68405,0
0.4995,0.33136,0.67124,0.39145,0.42002,0.51032,0.34055,0.50899,0.57186,0.48405,0.49193,0.45698,0.56788,0.52766,0.30666,0.56784,0.59578,0.35944,0.40498,0.59833,0.65667,0.55571,0.36742,0.66358,0.32938,0.53893,0.4853,0.51769,0.57191,0.31429,0.43981,0.69894,0.34992,0.52346,0.56171,0.55784,0.6585,0.57331,0.39495,0.4263,0.60197,0.41833,0.40663,0.3989,0.46619,0.50605,0.50544,0.61179,0.48667,0.42574,0
0.44578,0.49385,0.42058,0.2865,0.55257,0.50908,0.46456,0.62646,0.57371,0.36531,0.63911,0.46453,0.56533,0.57824,0.43247,0.3732,0.40428,0.56723,0.62121,0.43496,0.66482,0.38981,0.70771,0.55225,0.6263,0.40334,0.70746,0.40654,0.44805,0.39914,0.50428,0.62283,0.37118,0.43243,0.35665,0.56923,0.63333,0.60511,0.33584,0.52154,0.56077,0.55152,0.39667,0.39222,0.5504,0.55332,0.56372,0.37849,0.38452,0.51903,0
0.53738,0.38952,0.4804,0.47351,0.57828,0.48135,0.59962,0.58792,0.60794,0.50314,0.40012,0.49532,0.41308,0.61527,0.5179,0.327,0.43273,0.57035,0.64007,0.48021,0.65237,0.67655,0.41985,0.51262,0.4132,0.4592,0.39317,0.33651,0.37732,0.57165,0.55244,0.69732,0.55716,0.64031,0.4311,0.57986,0.44578,0.63243,0.56249,0.48535,0.47274,0.46241,0.45157,0.50418,0.52672,0.57964,0.78474,0.56869,0.48772,0.5561,0
0.39622,0.48337,0.25543,0.55431,0.67316,0.47528,0.69058,0.57405,0.51443,0.50552,0.57553,0.4977,0.45776,0.67284,0.58752,0.37706,0.62451,0.66196,0.53636,0.36372,0.40137,0.53479,0.6259,0.27516,0.35704,0.56078,0.49046,0.48984,0.52855,0.60262,0.53813,0.21488,0.54027,0.46076,0.49188,0.47394,0.53284,0.4021,0.5299,0.49252,0.54274,0.4097,0.45066,0.51399,0.58366,0.41712,0.51131,0.54264,0.49612,0.72376,1
0.34251,0.4815,0.37661,0.50323,0.5003,0.39104,0.64053,0.61377,0.46475,0.54871,0.60053,0.51006,0.45916,0.67867,0.53199,0.41568,0.50555,0.41922,0.60707,0.54259,0.53683,0.62992,0.49258,0.52781,0.64851,0.59723,0.57032,0.43979,0.32144,0.57802,0.42063,0.30724,0.67403,0.48511,0.33041,0.68097,0.46812,0.44183,0.38554,0.4265,0.71273,0.42781,0.40596,0.42865,0.60745,0.51327,0.59179,0.44435,0.57331,0.64431,0
0.39559,0.40714,0.55855,0.57223,0.48417,0.36089,0.63596,0.54999,0.5513,0.6428,0.42942,0.47761,0.46124,0.63826,0.4467,0.67319,0.57634,0.03583,0.41787,0.55911,0.37862,0.53332,0.47895,0.41568,0.53342,0.63286,0.49329,0.64107,0.5206,0.4711,0.33924,0.34251,0.68944,0.60048,0.64974,0.44732,0.43716,0.33879,0.49528,0.32702,0.53337,0.62575,0.25851,0.36877,0.71391,0.59507,0.39392,0.5157,0.53207,0.63309,1
0.38802,0.61107,0.40838,0.39206,0.63407,0.62513,0.5973,0.6549,0.62743,0.41919,0.55654,0.48653,0.75486,0.58192,0.51657,0.43458,0.53656,0.60818,0.37049,0.36919,0.55361,0.48195,0.63268,0.41042,0.5112,0.37405,0.52744,0.4551,0.42271,0.6093,0.45078,0.29408,0.59788,0.45963,0.38246,0.43148,0.51543,0.35185,0.34197,0.41735,0.60145,0.50102,0.47148,0.4252,0.5521,0.50612,0.52003,0.35649,0.47074,0.61103,0
0.35415,0.39506,0.49878,0.35901,0.58911,0.49462,0.64871,0.56518,0.47236,0.24975,0.53197,0.54342,0.51248,0.34294,0.85011,0.40774,0.60389,0.60005,0.49879,0.45401,0.56468,0.58542,0.53013,0.34518,0.48325,0.58282,0.46678,0.50866,0.43786,0.55027,0.62482,0.4876,0.57839,0.2839,0.41752,0.74389,0.28862,0.41506,0.59354,0.41646,0.48336,0.73278,0.67433,0.63889,0.34203,0.69207,0.47199,0.55343,0.42942,0.56294,0
0.52457,0.46768,0.44117,0.45713,0.57634,0.69386,0.47854,0.40262,0.64732,0.5286,0.40893,0.51555,0.46392,0.46186,0.75826,0.45883,0.59443,0.52596,0.47864,0.46251,0.52702,0.57258,0.58547,0.19604,0.48547,0.46971,0.57791,0.55561,0.44981,0.64298,0.6341,0.36417,0.5813,0.46038,0.54186,0.49014,0.45978,0.41899,0.62796,0.44904,0.37844,0.54365,0.54973,0.62289,0.42723,0.58969,0.50643,0.46224,0.58502,0.73627,0
0.33105,0.55652,0.48196,0.49017,0.39345,0.44272,0.53096,0.46803,0.56619,0.50495,0.54648,0.65093,0.49439,0.42719,0.57656,0.34035,0.47423,0.46372,0.41472,0.44389,0.52194,0.38227,0.71671,0.37032,0.58189,0.39509,0.51378,0.49295,0.36391,0.56726,0.56297,0.55734,0.5247,0.57815,0.66327,0.53731,0.49444,0.53401,0.27552,0.54904,0.39184,0.60364,0.46937,0.43,0.51945,0.47761,0.56524,0.39734,0.42817,0.46255,0
0.30991,0.62354,0.5497,0.3059,0.47205,0.53975,0.61534,0.57641,0.51188,0.48581,0.52584,0.43724,0.41375,0.54363,0.55238,0.3833,0.43387,0.50001,0.72073,0.50781,0.51348,0.56517,0.4242,0.53467,0.71017,0.49527,0.71271,0.39972,0.25804,0.55144,0.33698,0.57596,0.60195,0.5923,0.39678,0.58175,0.53688,0.51262,0.36463,0.52439,0.66233,0.49955,0.37879,0.42899,0.46643,0.56931,0.56445,0.50544,0.63938,0.46482,0
0.21946,0.52343,0.61671,0.4323,0.63288,0.35034,0.4055,0.55229,0.35401,0.45504,0.48675,0.31071,0.43889,0.62954,0.37637,0.39202,0.53008,0.33525,0.62524,0.46986,0.70299,0.48626,0.45453,0.51034,0.5054,0.55134,0.57016,0.51061,0.47906,0.49748,0.70992,0.43266,0.58203,0.57325,0.36736,0.60479,0.5577,0.4114,0.45984,0.47105,0.58736,0.62844,0.3327,0.31494,0.61456,0.46295,0.54209,0.44807,0.4705,0.60689,1
0.38076,0.47016,0.43054,0.37054,0.42954,0.57344,0.67426,0.68772,0.59459,0.64881,0.52971,0.46037,0.31373,0.64523,0.65494,0.48672,0.35798,0.46681,0.71319,0.58346,0.49447,0.61651,0.41576,0.38155,0.77938,0.53754,0.67013,0.34026,0.22055,0.51471,0.37575,0.53662,0.62101,0.61072,0.47205,0.58315,0.51135,0.61023,0.43976,0.44961,0.60901,0.37122,0.4585,0.41717,0.59282,0.5378,0.63326,0.54337,0.70019,0.56311,0
0.72228,0.23891,0.59143,0.47777,0.41585,0.68328,0.5076,0.65442,0.5106,0.42591,0.41596,0.55577,0.59663,0.42802,0.62404,0.51275,0.45612,0.47719,0.56077,0.61078,0.56689,0.6082,0.4554,0.4408,0.4092,0.61557,0.55404,0.42321,0.53606,0.55431,0.32646,0.67594,0.5087,0.26686,0.45806,0.62578,0.4034,0.59733,0.62009,0.38396,0.39787,0.47643,0.65247,0.62662,0.39585,0.57235,0.38634,0.58779,0.48619,0.45817,0
0.35465,0.39158,0.63557,0.5722,0.51797,0.34732,0.51842,0.56149,0.50412,0.42128,0.42965,0.3877,0.41922,0.67407,0.44493,0.37183,0.45014,0.34816,0.75708,0.48871,0.70176,0.65721,0.49707,0.41717,0.52031,0.54945,0.73058,0.40383,0.37354,0.5985,0.57465,0.46187,0.65735,0.58942,0.25929,0.46184,0.37675,0.4493,0.6317,0.35793,0.48783,0.64687,0.21234,0.22682,0.65553,0.40953,0.64189,0.58754,0.53878,0.68379,1
0.49369,0.20495,0.63892,0.60763,0.34787,0.38484,0.56349,0.50985,0.46152,0.35529,0.48002,0.4512,0.57062,0.18741,0.56197,0.48591,0.66937,0.33709,0.50873,0.62759,0.35494,0.63291,0.33645,0.46607,0.31011,0.57376,0.57179,0.52998,0.4586,0.49651,0.46809,0.54933,0.48123,0.44282,0.49781,0.52694,0.47604,0.60066,0.54511,0.56642,0.55745,0.6306,0.59024,0.51068,0.35689,0.614,0.35029,0.77683,0.65567,0.34761,0
0.38958,0.65359,0.61513,0.15102,0.41888,0.69395,0.42783,0.47328,0.60568,0.55344,0.45189,0.50175,0.59976,0.37862,0.5628,0.30316,0.27792,0.49549,0.49856,0.53348,0.61692,0.51272,0.40415,0.64911,0.58606,0.45554,0.53295,0.18545,0.37314,0.36173,0.38119,0.46911,0.47178,0.55544,0.2572,0.65879,0.53508,0.55018,0.23747,0.50106,0.63877,0.44992,0.45822,0.54694,0.59596,0.58986,0.55582,0.50187,0.4495,0.47235,1
0.26341,0.595,0.6063,0.42691,0.31371,0.50902,0.27561,0.64019,0.64255,0.35347,0.617,0.44839,0.75351,0.33187,0.47014,0.57221,0.59351,0.45233,0.2399,0.6106,0.71758,0.29603,0.63495,0.6556,0.67528,0.24182,0.35759,0.5553,0.38098,0.54846,0.5681,0.50791,0.55279,0.36368,0.58174,0.43169,0.355,0.43148,0.16946,0.25341,0.76312,0.34009,0.54589,0.36416,0.33765,0.4871,0.33266,0.45367,0.44576,0.36329,1
0.43306,0.4469,0.3939,0.45785,0.50272,0.56649,0.53183,0.47528,0.53479,0.53773,0.51605,0.62073,0.4997,0.46104,0.63487,0.44789,0.60005,0.5574,0.47614,0.41467,0.51428,0.47737,0.5204,0.43183,0.46719,0.50096,0.479,0.43701,0.49808,0.77533,0.6514,0.5178,0.68631,0.33182,0.52229,0.66689,0.45406,0.4842,0.50764,0.49143,0.51379,0.49375,0.644,0.70446,0.3213,0.54361,0.48758,0.48129,0.38737,0.45708,0
0.2802,0.41645,0.31221,0.45787,0.66186,0.56416,0.69269,0.77275,0.61273,0.53792,0.56946,0.50851,0.54246,0.63904,0.46993,0.49644,0.48987,0.29842,0.44228,0.51532,0.47087,0.54419,0.54981,0.38554,0.58597,0.59219,0.43677,0.44276,0.28933,0.43456,0.28458,0.33183,0.52162,0.67097,0.57581,0.52888,0.38649,0.47863,0.34459,0.42466,0.56622,0.60378,0.27028,0.33294,0.76025,0.48202,0.42242,0.43011,0.58722,0.57552,0
0.49562,0.42847,0.42311,0.30094,0.45937,0.52606,0.62534,0.52579,0.59904,0.43983,0.52596,0.62828,0.69451,0.36339,0.69031,0.58992,0.55793,0.42271,0.27345,0.59738,0.53418,0.6309,0.4251,0.41186,0.55418,0.54922,0.65644,0.46467,0.42602,0.34311,0.59226,0.43157,0.57752,0.32188,0.40521,0.6763,0.60016,0.45355,0.55736,0.27818,0.71961,0.419,0.64892,0.58217,0.40823,0.55379,0.48665,0.60462,0.65883,0.54469,0
0.52348,0.54261,0.37085,0.154,0.40748,0.60271,0.58563,0.6807,0.52348,0.48061,0.51193,0.5189,0.48768,0.42112,0.5753,0.37807,0.29692,0.55168,0.52894,0.55705,0.49559,0.56051,0.43082,0.55243,0.7816,0.37629,0.65221,0.25009,0.24795,0.3379,0.34941,0.53982,0.55759,0.51655,0.38134,0.58008,0.59328,0.73316,0.36771,0.5208,0.68316,0.25078,0.58653,0.54209,0.5268,0.61957,0.59719,0.51753,0.76045,0.44058,1
0.29984,0.30086,0.55057,0.7224,0.44675,0.35961,0.39273,0.37164,0.56373,0.64836,0.44234,0.37712,0.39391,0.53192,0.34164,0.54908,0.82094,0.30703,0.43496,0.74023,0.64655,0.38716,0.40654,0.46245,0.51383,0.36146,0.35687,0.65879,0.39046,0.60392,0.73244,0.45299,0.45915,0.45727,0.75549,0.50566,0.6224,0.4774,0.35672,0.47556,0.64071,0.43287,0.50212,0.39625,0.30054,0.50321,0.43451,0.56775,0.57866,0.44788,1
0.5156,0.41018,0.54684,0.4817,0.17916,0.37944,0.58548,0.61463,0.4114,0.57922,0.48723,0.64005,0.38079,0.44531,0.61874,0.27137,0.41787,0.35879,0.66598,0.46485,0.37066,0.41582,0.51803,0.38322,0.54132,0.76085,0.61872,0.48645,0.44765,0.44299,0.46095,0.55779,0.64872,0.4864,0.60564,0.61873,0.48522,0.70156,0.50036,0.64966,0.48355,0.48756,0.53747,0.58624,0.67816,0.52745,0.46411,0.54439,0.60799,0.53994,1
0.54013,0.46053,0.345,0.4999,0.74137,0.32593,0.72228,0.61306,0.23565,0.46438,0.44725,0.55028,0.37375,0.69493,0.57781,0.46305,0.55404,0.57982,0.74473,0.28297,0.42817,0.56897,0.54288,0.3964,0.43079,0.47419,0.61652,0.57044,0.57696,0.64806,0.44342,0.64849,0.57544,0.44227,0.56307,0.44863,0.61868,0.51534,0.72746,0.57334,0.4205,0.54111,0.467,0.60155,0.53968,0.53474,0.60645,0.3291,0.45067,0.45431,1
0.46121,0.38538,0.46955,0.55503,0.48164,0.63132,0.5661,0.59151,0.65795,0.51461,0.53284,0.50878,0.3708,0.47073,0.64086,0.3772,0.46246,0.39791,0.53162,0.51658,0.4999,0.55731,0.58064,0.35463,0.51788,0.59578,0.48203,0.34333,0.31517,0.67982,0.52075,0.48039,0.59308,0.51447,0.48614,0.64494,0.37019,0.57679,0.47401,0.38883,0.49021,0.52299,0.47308,0.57046,0.56341,0.43649,0.43452,0.57635,0.47184,0.45062,0
0.33924,0.35929,0.39418,0.40991,0.57187,0.53011,0.528,0.59949,0.55305,0.48574,0.33019,0.32591,0.37569,0.50546,0.45731,0.45128,0.49369,0.28542,0.71753,0.59002,0.65897,0.73917,0.40514,0.66592,0.54383,0.44444,0.5236,0.31427,0.35642,0.40384,0.57494,0.50545,0.63129,0.62266,0.29766,0.52714,0.43846,0.6072,0.42913,0.40117,0.74346,0.56211,0.29007,0.40982,0.59794,0.56948,0.58763,0.57841,0.59345,0.6587,0
0.60005,0.27532,0.65855,0.51834,0.51157,0.68796,0.49116,0.43391,0.54245,0.41415,0.39185,0.52532,0.52138,0.33301,0.75975,0.50896,0.60525,0.48238,0.52655,0.59907,0.38249,0.60001,0.60337,0.29465,0.41523,0.68924,0.50189,0.53357,0.54426,0.70207,0.35707,0.60005,0.41455,0.3691,0.57307,0.66766,0.40761,0.39285,0.5833,0.50133,0.2616,0.76918,0.53552,0.65881,0.44815,0.73511,0.38843,0.56891,0.43224,0.56057,0
0.3882,0.45008,0.48868,0.47204,0.48787,0.35199,0.67361,0.67908,0.44209,0.46804,0.61456,0.59717,0.52487,0.75145,0.46184,0.35017,0.38493,0.42271,0.75049,0.37203,0.66738,0.47932,0.58184,0.47885,0.5829,0.63758,0.65776,0.45126,0.31756,0.5504,0.4816,0.59804,0.5927,0.57746,0.48758,0.58836,0.46892,0.56438,0.52172,0.45786,0.52221,0.54572,0.31678,0.323,0.67263,0.42977,0.65649,0.36401,0.44819,0.48074,1
0.50938,0.31807,0.53497,0.38065,0.65563,0.80106,0.51913,0.51964,0.57616,0.50454,0.27829,0.46481,0.35826,0.50108,0.62372,0.40968,0.56004,0.47568,0.60603,0.49784,0.36769,0.58831,0.51105,0.34069,0.37347,0.61279,0.52479,0.56178,0.57676,0.53544,0.27027,0.33821,0.5314,0.61578,0.506,0.73069,0.5018,0.42898,0.50018,0.61507,0.19043,0.72973,0.41722,0.54938,0.54433,0.7281,0.43164,0.48776,0.53096,0.75962,0
0.44414,0.36422,0.59572,0.52917,0.49985,0.38015,0.62691,0.64999,0.55275,0.3527,0.51837,0.71456,0.72519,0.54218,0.51269,0.59092,0.52442,0.40264,0.34377,0.4823,0.55406,0.53969,0.54909,0.29565,0.47453,0.63097,0.4563,0.62194,0.40247,0.50166,0.48001,0.48947,0.46723,0.48912,0.63838,0.5328,0.38344,0.33486,0.6198,0.25651,0.45731,0.65161,0.37425,0.39397,0.63497,0.39371,0.56183,0.49319,0.44443,0.46063,1
0.37718,0.51713,0.35581,0.54668,0.55313,0.47502,0.52211,0.45983,0.66722,0.44022,0.72178,0.5835,0.51706,0.50445,0.59761,0.55334,0.55705,0.52296,0.35409,0.43869,0.62467,0.38562,0.73647,0.44656,0.58768,0.40374,0.52927,0.63342,0.32488,0.53321,0.67099,0.41322,0.47312,0.39293,0.54,0.65841,0.49289,0.4167,0.4626,0.42126,0.52661,0.37641,0.58256,0.51838,0.43842,0.34432,0.64372,0.45913,0.31585,0.52889,0
0.45616,0.42403,0.44164,0.33339,0.50593,0.57467,0.58133,0.61389,0.58792,0.4951,0.54037,0.57942,0.49843,0.44765,0.44092,0.42614,0.39654,0.41447,0.52077,0.54453,0.51588,0.53096,0.52295,0.48709,0.53744,0.48808,0.5322,0.35966,0.37419,0.32704,0.43518,0.48661,0.36827,0.54172,0.58037,0.6137,0.55607,0.62661,0.42821,0.5201,0.57697,0.49248,0.39069,0.54896,0.65245,0.48738,0.52012,0.52461,0.49432,0.37947,1
0.58901,0.41619,0.42423,0.61755,0.45083,0.34147,0.56744,0.29423,0.5752,0.38716,0.5361,0.52975,0.37668,0.53365,0.53303,0.5449,0.62884,0.46634,0.49375,0.48809,0.35085,0.43506,0.71005,0.46016,0.61736,0.4168,0.73669,0.67317,0.40581,0.57497,0.45621,0.50174,0.43651,0.44022,0.56584,0.46935,0.57162,0.4755,0.65584,0.51677,0.34332,0.56933,0.51295,0.39991,0.33337,0.69175,0.69831,0.60286,0.43687,0.52007,1
0.37546,0.31961,0.59187,0.60147,0.49128,0.45266,0.5309,0.55395,0.47993,0.56808,0.37876,0.35278,0.32182,0.38442,0.33189,0.36107,0.70351,0.5038,0.65341,0.63104,0.40004,0.6143,0.29316,0.60238,0.33715,0.46305,0.41726,0.4852,0.52467,0.55441,0.51844,0.37877,0.39036,0.60499,0.50838,0.6529,0.62981,0.53807,0.41578,0.66062,0.67313,0.55428,0.43893,0.4981,0.40774,0.63257,0.49875,0.72314,0.55339,0.36341,0
0.24423,0.59852,0.83253,0.49921,0.30013,0.42242,0.26938,0.36877,0.54007,0.31515,0.49906,0.53888,0.47545,0.335,0.55837,0.42213,0.56307,0.3495,0.41641,0.34005,0.55825,0.19552,0.62781,0.60401,0.57741,0.42427,0.65064,0.73513,0.53897,0.71542,0.77992,0.31709,0.64089,0.42008,0.40356,0.70248,0.23575,0.33582,0.4037,0.53724,0.47336,0.84861,0.48345,0.41669,0.3299,0.63292,0.46713,0.55665,0.27669,0.52749,0
0.55839,0.35423,0.44318,0.55546,0.44107,0.423,0.77022,0.57519,0.4586,0.30272,0.53623,0.58439,0.40912,0.38913,0.76096,0.40632,0.46552,0.42172,0.62473,0.49869,0.30527,0.68748,0.58122,0.35952,0.56904,0.6987,0.64005,0.42215,0.41771,0.53571,0.31632,0.52439,0.50484,0.43233,0.49181,0.57323,0.32944,0.51066,0.70883,0.45641,0.46593,0.64127,0.442,0.55453,0.65239,0.5679,0.51584,0.70138,0.42892,0.52294,0
0.27336,0.38596,0.30723,0.59102,0.57913,0.41911,0.78948,0.82997,0.56173,0.35429,0.62555,0.51544,0.42872,0.57507,0.6035,0.36842,0.426,0.58362,0.70152,0.56574,0.64416,0.74066,0.55669,0.48243,0.68527,0.5222,0.46756,0.35962,0.17801,0.65091,0.49533,0.52726,0.71649,0.5007,0.37718,0.62,0.3095,0.52028,0.43447,0.40533,0.7652,0.4978,0.3278,0.37363,0.51375,0.40104,0.72282,0.46094,0.50133,0.50204,0
0.35694,0.52024,0.78332,0.48535,0.38296,0.38347,0.22246,0.71442,0.38655,0.64054,0.39131,0.35771,0.36191,0.67533,0.30512,0.19338,0.47757,0.30993,0.66676,0.41804,0.66745,0.35321,0.40869,0.58751,0.51177,0.48305,0.46869,0.44072,0.68658,0.64953,0.51472,0.40705,0.71221,0.63075,0.49179,0.44766,0.47615,0.60139,0.22902,0.61415,0.6147,0.52464,0.32943,0.22803,0.68548,0.52221,0.38424,0.40423,0.6187,0.524,1
0.57103,0.58383,0.40364,0.30125,0.49609,0.54159,0.67897,0.5283,0.42691,0.29706,0.50668,0.47001,0.45617,0.14044,0.78775,0.44494,0.54629,0.68571,0.5964,0.51859,0.1833,0.73265,0.47212,0.52797,0.56134,0.46647,0.60354,0.39427,0.49186,0.42988,0.22063,0.50641,0.41373,0.425,0.51812,0.49864,0.57427,0.56178,0.50527,0.58455,0.59319,0.5456,0.60854,0.6096,0.36012,0.79605,0.54271,0.71523,0.5699,0.38663,0
0.4675,0.41708,0.58629,0.39531,0.53239,0.61665,0.50902,0.64255,0.64201,0.47561,0.45666,0.52924,0.75021,0.54074,0.39685,0.48683,0.50596,0.45523,0.38529,0.54133,0.59769,0.37963,0.57692,0.55796,0.49596,0.49924,0.33216,0.55723,0.47656,0.52383,0.40004,0.49938,0.42365,0.52492,0.62487,0.61088,0.50031,0.42077,0.2683,0.45097,0.4986,0.46044,0.47443,0.4586,0.47855,0.62715,0.42747,0.45153,0.38459,0.43145,1
0.41853,0.43607,0.66588,0.39404,0.52996,0.57781,0.47458,0.60662,0.51757,0.45873,0.39103,0.5171,0.60256,0.5269,0.62729,0.34247,0.48513,0.4122,0.49085,0.37456,0.4849,0.40628,0.59285,0.46997,0.44378,0.6244,0.48668,0.55236,0.62866,0.55857,0.42623,0.38331,0.59582,0.52483,0.45936,0.57931,0.37732,0.40642,0.42604,0.50593,0.37529,0.72757,0.43585,0.49815,0.65776,0.61442,0.38876,0.45612,0.37498,0.66535,1
0.38986,0.55227,0.30987,0.2928,0.39091,0.50854,0.61718,0.55083,0.60485,0.50759,0.57857,0.60578,0.54302,0.33107,0.66278,0.42215,0.47404,0.44273,0.38393,0.56331,0.42141,0.50471,0.65489,0.49216,0.7902,0.47473,0.52759,0.40882,0.39867,0.3146,0.40445,0.48851,0.52431,0.43626,0.54377,0.58054,0.49552,0.60126,0.28043,0.47261,0.67045,0.51745,0.62168,0.55904,0.58112,0.70924,0.55138,0.54852,0.50522,0.55413,1
0.48603,0.59099,0.61805,0.37965,0.27622,0.35428,0.23022,0.56128,0.52539,0.67012,0.34082,0.32452,0.29468,0.53025,0.58054,0.42098,0.44246,0.30549,0.49571,0.55336,0.55338,0.45341,0.48434,0.50884,0.5754,0.51558,0.5589,0.49407,0.49011,0.39087,0.58717,0.44847,0.62723,0.53912,0.38507,0.57288,0.48443,0.58981,0.53552,0.50053,0.55868,0.32213,0.51221,0.44096,0.64894,0.49371,0.53251,0.70786,0.51806,0.665,0
0.29471,0.34155,0.39693,0.50495,0.51373,0.47854,0.63265,0.63381,0.65354,0.57917,0.48311,0.62712,0.50505,0.76051,0.51299,0.40711,0.47095,0.19033,0.46511,0.55497,0.64758,0.49232,0.60239,0.35438,0.55882,0.67295,0.44395,0.46222,0.39932,0.46355,0.58628,0.35189,0.65321,0.60551,0.51101,0.58441,0.43507,0.48361,0.41252,0.34682,0.56336,0.62706,0.3418,0.37469,0.79761,0.37385,0.50581,0.37549,0.56212,0.71876,0
0.37281,0.33063,0.49535,0.33524,0.67471,0.56303,0.42329,0.65151,0.6666,0.56927,0.4316,0.46215,0.43761,0.70948,0.29285,0.53404,0.61071,0.37724,0.46032,0.56713,0.67705,0.32338,0.56628,0.51439,0.46676,0.47463,0.51072,0.61903,0.42678,0.30303,0.58755,0.67809,0.39727,0.56039,0.74918,0.70406,0.76296,0.58009,0.3866,0.51106,0.39421,0.567,0.32917,0.36425,0.49446,0.51886,0.36958,0.43155,0.60832,0.4119,0
0.58029,0.40715,0.65533,0.47834,0.39852,0.60802,0.55789,0.38148,0.56242,0.43093,0.40379,0.54065,0.47566,0.4273,0.52731,0.47515,0.6038,0.46636,0.5362,0.43563,0.33554,0.48586,0.48124,0.4053,0.2984,0.66698,0.63413,0.55185,0.4976,0.61191,0.31648,0.68101,0.35511,0.67393,0.67358,0.61118,0.52057,0.42834,0.71023,0.54311,0.21186,0.69226,0.51078,0.60273,0.56872,0.62235,0.47691,0.64983,0.4709,0.49862,0
0.26585,0.59709,0.53453,0.39647,0.50287,0.34354,0.38296,0.72633,0.48819,0.61647,0.53983,0.43705,0.56183,0.83243,0.33497,0.35842,0.36191,0.34594,0.61831,0.35933,0.79225,0.43263,0.47888,0.56174,0.59539,0.4212,0.67005,0.40982,0.45297,0.56204,0.63772,0.43476,0.75463,0.60778,0.33018,0.45392,0.51719,0.54451,0.36971,0.41296,0.69634,0.41525,0.29153,0.18145,0.71958,0.41682,0.61173,0.29475,0.52893,0.57521,1
0.4482,0.35289,0.45977,0.44403,0.69931,0.53437,0.40591,0.67595,0.46733,0.56932,0.41681,0.39444,0.5391,0.53229,0.38447,0.51592,0.67126,0.46873,0.50341,0.49964,0.54646,0.53666,0.43677,0.4852,0.31102,0.44943,0.31648,0.52386,0.64262,0.51883,0.48629,0.51477,0.45481,0.48504,0.67953,0.4955,0.55439,0.54105,0.44222,0.5402,0.53611,0.50568,0.50739,0.55816,0.53339,0.6418,0.4095,0.4427,0.45498,0.50226,1
0.71866,0.17734,0.49071,0.4945,0.57062,0.42472,0.60618,0.34849,0.50498,0.55802,0.47109,0.5867,0.6085,0.44335,0.64861,0.57981,0.71202,0.37908,0.43191,0.54182,0.44049,0.65748,0.50822,0.35318,0.22983,0.65894,0.6136,0.51528,0.69592,0.48149,0.53584,0.59141,0.27149,0.346,0.5589,0.63689,0.65107,0.52358,0.55918,0.4598,0.30975,0.73189,0.65509,0.72052,0.51711,0.6646,0.23413,0.66167,0.49979,0.60313,0
0.65785,0.35431,0.57726,0.59076,0.62006,0.55664,0.42288,0.45903,0.36098,0.60517,0.41546,0.40386,0.49349,0.50946,0.42383,0.45818,0.79042,0.6234,0.54308,0.54579,0.54878,0.51225,0.44593,0.44317,0.15695,0.459,0.31584,0.64421,0.7049,0.74064,0.61884,0.62213,0.40841,0.39337,0.67229,0.49139,0.73565,0.46415,0.5176,0.66616,0.42924,0.39579,0.65618,0.7094,0.28423,0.56648,0.35421,0.43168,0.38985,0.40401,0
0.39487,0.40447,0.44806,0.43741,0.43039,0.41443,0.53404,0.4991,0.40522,0.4475,0.56845,0.39027,0.38603,0.23516,0.57539,0.45779,0.67572,0.50239,0.44293,0.73205,0.26871,0.58654,0.36411,0.48066,0.61463,0.48966,0.37861,0.54788,0.48464,0.36004,0.36955,0.44425,0.36218,0.46793,0.70983,0.45565,0.68439,0.54735,0.4455,0.63964,0.63411,0.50598,0.63976,0.49899,0.37508,0.67075,0.47532,0.66361,0.65156,0.41359,0
0.22194,0.31793,0.50729,0.55274,0.64746,0.50353,0.58372,0.71872,0.64364,0.44673,0.37761,0.5049,0.36518,0.8505,0.40982,0.40343,0.41536,0.35218,0.6695,0.49959,0.77943,0.57656,0.54275,0.46966,0.53366,0.57722,0.48017,0.47702,0.42801,0.62153,0.65311,0.42316,0.78616,0.67445,0.28905,0.63337,0.29549,0.3864,0.59959,0.31508,0.61198,0.62178,0.17528,0.25211,0.68848,0.39065,0.79118,0.4088,0.45008,0.73621,0
0.25781,0.39422,0.68035,0.50231,0.50628,0.48867,0.32327,0.67107,0.56858,0.4502,0.32238,0.41006,0.48384,0.54819,0.28666,0.54641,0.66796,0.44753,0.28896,0.65673,0.65354,0.41902,0.37928,0.51018,0.5027,0.40329,0.28465,0.70535,0.50012,0.49379,0.62828,0.34127,0.61648,0.51962,0.73296,0.49117,0.51497,0.33501,0.46022,0.38125,0.71711,0.40245,0.36681,0.35315,0.49587,0.38114,0.61901,0.43283,0.60977,0.39176,1
0.3954,0.24766,0.60896,0.5257,0.43967,0.54686,0.45169,0.51814,0.52491,0.65617,0.3933,0.43516,0.67633,0.27961,0.56856,0.41886,0.51065,0.19207,0.44892,0.5186,0.57939,0.56255,0.37074,0.44571,0.29475,0.60515,0.25333,0.34078,0.58938,0.54881,0.49463,0.54347,0.6664,0.53657,0.57315,0.5501,0.33093,0.55198,0.36377,0.5904,0.33758,0.58882,0.42691,0.5378,0.66678,0.49718,0.4325,0.57153,0.40504,0.5161,0
0.49412,0.42471,0.65349,0.44362,0.34969,0.41785,0.54037,0.5765,0.30243,0.71889,0.38362,0.55335,0.30181,0.43013,0.61001,0.46338,0.5746,0.58955,0.59902,0.43199,0.34146,0.54544,0.4485,0.49015,0.47331,0.59359,0.56399,0.6083,0.64285,0.64016,0.44088,0.53365,0.606,0.41932,0.68592,0.54015,0.57935,0.56123,0.53607,0.62569,0.39649,0.4462,0.63596,0.67102,0.42748,0.71223,0.4436,0.54721,0.47929,0.58662,0
0.44831,0.40134,0.4786,0.44385,0.56335,0.63665,0.48709,0.57103,0.64338,0.58176,0.45647,0.61753,0.65679,0.49686,0.60092,0.38109,0.45772,0.6025,0.4392,0.51934,0.58443,0.44508,0.6628,0.36191,0.54223,0.44955,0.44662,0.58149,0.3726,0.56784,0.68021,0.31298,0.5865,0.39388,0.55788,0.61381,0.53949,0.52828,0.44514,0.57995,0.41651,0.42294,0.54028,0.53039,0.44532,0.48561,0.68877,0.37251,0.44886,0.60928,1
0.61408,0.392,0.48252,0.58298,0.49029,0.45623,0.50143,0.50345,0.36992,0.36265,0.52604,0.27494,0.14982,0.47315,0.65022,0.51065,0.67352,0.49883,0.80883,0.68567,0.33135,0.76467,0.50105,0.43397,0.49294,0.71175,0.71806,0.47275,0.41192,0.54233,0.36247,0.55063,0.41668,0.42887,0.33584,0.58556,0.4977,0.45078,0.62442,0.33339,0.66829,0.47405,0.43668,0.52709,0.4377,0.56318,0.44234,0.8254,0.64341,0.63167,0
0.42584,0.54683,0.40664,0.41259,0.68137,0.66936,0.61677,0.53311,0.72644,0.40298,0.52357,0.46193,0.56761,0.38915,0.72082,0.57197,0.49794,0.53208,0.34706,0.53464,0.4522,0.62499,0.53964,0.2697,0.60948,0.37151,0.42279,0.47767,0.3018,0.58317,0.37874,0.34323,0.4986,0.50312,0.4632,0.44106,0.30605,0.37704,0.54258,0.36668,0.38965,0.58672,0.52968,0.59322,0.48425,0.57413,0.5456,0.47327,0.42022,0.56928,1
0.5921,0.36751,0.21279,0.47812,0.6109,0.24227,0.63294,0.71269,0.38041,0.5226,0.74419,0.60249,0.55565,0.6726,0.44808,0.24779,0.5067,0.55528,0.66689,0.29223,0.53212,0.54674,0.54552,0.41486,0.26996,0.53004,0.50597,0.34932,0.60063,0.46396,0.6191,0.55532,0.5886,0.40718,0.57359,0.38424,0.60264,0.82405,0.53501,0.68631,0.44455,0.49014,0.54344,0.47884,0.59786,0.4648,0.5197,0.42371,0.56769,0.45502,1
0.42881,0.3761,0.33866,0.46998,0.61221,0.46276,0.61954,0.69659,0.54954,0.41028,0.66591,0.47843,0.53072,0.5908,0.58423,0.39827,0.52468,0.54246,0.57972,0.47189,0.59094,0.56212,0.62855,0.41237,0.54614,0.61446,0.61939,0.38307,0.39141,0.55045,0.516,0.52185,0.59206,0.37694,0.34548,0.64128,0.48149,0.549,0.48476,0.40084,0.57007,0.60357,0.54486,0.46007,0.49659,0.51427,0.49156,0.51303,0.53979,0.54036,1
0.23447,0.61386,0.33636,0.29531,0.62632,0.57022,0.70053,0.54908,0.72198,0.48699,0.71136,0.52446,0.61675,0.5769,0.5979,0.30864,0.43615,0.43488,0.47043,0.44913,0.45597,0.46621,0.62216,0.3848,0.69481,0.53819,0.66378,0.25664,0.26401,0.46917,0.39651,0.37138,0.56349,0.5315,0.42243,0.57152,0.61698,0.4867,0.15916,0.40796,0.58369,0.63046,0.32415,0.29847,0.71049,0.5381,0.471,0.47556,0.61498,0.55055,1
0.17971,0.62176,0.63363,0.51124,0.51001,0.3486,0.32177,0.52307,0.34577,0.4071,0.48086,0.30123,0.4498,0.55706,0.4575,0.35646,0.64682,0.35671,0.61427,0.46697,0.5785,0.33398,0.48085,0.39243,0.5054,0.33101,0.61365,0.57752,0.50326,0.68333,0.68801,0.36809,0.7457,0.39838,0.41462,0.38637,0.59303,0.44504,0.38929,0.58792,0.62453,0.61866,0.36886,0.28001,0.48407,0.43341,0.3219,0.40656,0.54949,0.43096,0
0.41085,0.40743,0.38339,0.3215,0.63865,0.42808,0.58022,0.66663,0.42774,0.4261,0.51242,0.47917,0.57602,0.58106,0.55509,0.34939,0.35573,0.43477,0.69663,0.45249,0.54149,0.64697,0.59877,0.34094,0.5313,0.62859,0.61079,0.33602,0.49633,0.39703,0.41513,0.52089,0.57297,0.45419,0.35376,0.51538,0.57054,0.58115,0.48927,0.53334,0.47791,0.61204,0.36104,0.41659,0.7321,0.54394,0.49729,0.36655,0.51499,0.65826,0
0.46045,0.63134,0.49185,0.28633,0.3831,0.39745,0.66009,0.62629,0.47334,0.44205,0.57081,0.56221,0.44964,0.39101,0.49625,0.58493,0.45912,0.57863,0.52407,0.46185,0.40303,0.72112,0.39391,0.59894,0.57821,0.37686,0.67446,0.41438,0.41749,0.37457,0.24739,0.57202,0.45641,0.4175,0.45605,0.44728,0.59142,0.59213,0.51556,0.45437,0.70184,0.27196,0.52418,0.56763,0.46622,0.57448,0.62568,0.64322,0.61548,0.38566,0
0.80339,0.41167,0.53324,0.52892,0.66291,0.45834,0.6945,0.47465,0.45965,0.41424,0.45146,0.55232,0.4084,0.4452,0.46222,0.51569,0.60801,0.72588,0.64706,0.39499,0.27387,0.68413,0.61464,0.4249,0.27701,0.45328,0.58349,0.64113,0.66451,0.52353,0.32918,0.5272,0.15145,0.47083,0.61781,0.45552,0.61143,0.47667,0.7451,0.66744,0.22355,0.62931,0.45438,0.67358,0.51271,0.6729,0.64705,0.60607,0.31207,0.39552,1
0.63044,0.35358,0.65824,0.42476,0.44959,0.43507,0.55122,0.37703,0.2658,0.55163,0.3545,0.55493,0.44931,0.26815,0.52816,0.45884,0.73156,0.41674,0.51697,0.58751,0.1929,0.61829,0.3798,0.34688,0.26005,0.63432,0.47165,0.63334,0.87045,0.42,0.34536,0.52872,0.31772,0.33448,0.75716,0.44646,0.70438,0.48123,0.48434,0.65178,0.34645,0.8158,0.58627,0.75633,0.51145,0.76407,0.29666,0.60516,0.43603,0.49737,1
0.63377,0.42589,0.50047,0.28945,0.39992,0.60254,0.52399,0.67696,0.42872,0.45047,0.51409,0.48562,0.62393,0.32541,0.59963,0.48719,0.46266,0.52912,0.55929,0.50571,0.43618,0.56558,0.43937,0.48686,0.48081,0.4941,0.55753,0.36033,0.53793,0.5243,0.31563,0.78664,0.49753,0.31538,0.56355,0.50588,0.50972,0.69633,0.41992,0.61437,0.47861,0.38277,0.60399,0.68468,0.47356,0.61909,0.25578,0.55881,0.43314,0.30346,0
0.23443,0.56053,0.60742,0.54489,0.44431,0.43849,0.50292,0.46637,0.53041,0.46376,0.4215,0.37297,0.3611,0.53151,0.58179,0.45015,0.54887,0.25701,0.5255,0.52279,0.3731,0.40778,0.4306,0.40742,0.57095,0.55315,0.60456,0.64275,0.29775,0.51978,0.42719,0.28297,0.59237,0.71166,0.5134,0.47353,0.48197,0.32601,0.45839,0.44057,0.49806,0.55097,0.3208,0.31391,0.57987,0.46556,0.47645,0.55187,0.47139,0.62652,1
0.36224,0.5267,0.52715,0.55533,0.36705,0.50788,0.61398,0.5104,0.59282,0.50234,0.49962,0.54557,0.41252,0.48738,0.53981,0.43721,0.54908,0.37793,0.49276,0.51959,0.38227,0.46611,0.45611,0.37407,0.54039,0.55823,0.55584,0.57977,0.38022,0.57693,0.34723,0.37022,0.53614,0.68704,0.61737,0.52774,0.49007,0.36902,0.50222,0.49949,0.50764,0.61068,0.40347,0.4104,0.57397,0.50087,0.51982,0.54269,0.50591,0.46171,1
0.52749,0.29862,0.47149,0.64541,0.63219,0.48597,0.46985,0.44826,0.51038,0.761,0.45132,0.42697,0.31057,0.58453,0.29698,0.67577,0.67866,0.27404,0.51251,0.64669,0.54458,0.59812,0.44691,0.50584,0.27483,0.34588,0.5216,0.65762,0.43812,0.43834,0.61704,0.44787,0.53394,0.40418,0.53494,0.53081,0.73037,0.56313,0.4714,0.56355,0.47982,0.38304,0.4304,0.49419,0.48004,0.52362,0.52281,0.58304,0.53739,0.62489,1
0.29397,0.7376,0.47221,0.25758,0.47462,0.45943,0.44307,0.59343,0.53524,0.57224,0.58922,0.44883,0.52829,0.61535,0.48411,0.39026,0.27574,0.42232,0.56209,0.41054,0.59074,0.4118,0.59388,0.43804,0.8282,0.32029,0.80164,0.34915,0.26873,0.39288,0.45273,0.35888,0.62054,0.60409,0.30861,0.48452,0.58792,0.53614,0.4302,0.41618,0.58997,0.40021,0.40958,0.27032,0.69168,0.50009,0.71225,0.40246,0.6399,0.55504,1
0.25905,0.58204,0.34623,0.54322,0.44312,0.32112,0.63007,0.44769,0.45148,0.45128,0.63551,0.53812,0.20343,0.59972,0.4937,0.27613,0.47525,0.46484,0.68359,0.33893,0.5136,0.51557,0.54048,0.57457,0.5514,0.37457,0.61917,0.42536,0.41203,0.63923,0.73307,0.42007,0.67183,0.62685,0.45306,0.40997,0.45061,0.58655,0.47855,0.62016,0.67287,0.45692,0.34404,0.42688,0.52529,0.40406,0.70417,0.47182,0.47295,0.53997,1
0.4499,0.4378,0.3766,0.37933,0.60782,0.59022,0.5965,0.74351,0.63809,0.44883,0.64597,0.51054,0.64613,0.64725,0.51376,0.31782,0.42848,0.56775,0.58419,0.36378,0.66096,0.49724,0.65001,0.4981,0.44246,0.6067,0.55915,0.27475,0.39914,0.57185,0.47172,0.50329,0.58264,0.42374,0.31465,0.62352,0.46818,0.61177,0.30221,0.50537,0.55185,0.53645,0.43102,0.40298,0.65549,0.46698,0.4563,0.44762,0.43117,0.55539,1
0.39371,0.39753,0.52671,0.39905,0.51223,0.51393,0.49255,0.67171,0.48516,0.71392,0.36822,0.40438,0.44248,0.55114,0.64643,0.28586,0.44001,0.35535,0.62084,0.60229,0.48335,0.54137,0.43441,0.3014,0.54114,0.61084,0.38933,0.36627,0.48243,0.50266,0.47266,0.34569,0.65644,0.54619,0.54503,0.60977,0.58895,0.5811,0.29672,0.49311,0.51584,0.37823,0.43903,0.46688,0.62572,0.48511,0.39851,0.49422,0.6739,0.66364,0
0.46818,0.30797,0.30269,0.51739,0.65723,0.47386,0.63403,0.62502,0.58655,0.40335,0.59723,0.56248,0.51457,0.75806,0.55963,0.40312,0.50475,0.41857,0.61117,0.57422,0.72422,0.6689,0.65101,0.39334,0.53359,0.62214,0.5603,0.38621,0.3854,0.5556,0.60391,0.50507,0.57483,0.42357,0.26719,0.64733,0.45447,0.43977,0.54669,0.2612,0.65781,0.57164,0.3766,0.41586,0.61461,0.37,0.63124,0.4249,0.54904,0.67095,1
0.65984,0.41608,0.46909,0.37406,0.63768,0.56413,0.50404,0.38646,0.5728,0.37745,0.40468,0.41813,0.61899,0.47737,0.50168,0.7236,0.62203,0.35769,0.45523,0.54797,0.48286,0.62464,0.54858,0.407,0.33504,0.37342,0.7953,0.51186,0.58151,0.44965,0.38929,0.62552,0.29047,0.39786,0.4176,0.52575,0.71356,0.39891,0.65493,0.34118,0.39404,0.57879,0.49135,0.52395,0.48726,0.54474,0.37263,0.59605,0.5068,0.39124,0
0.46048,0.54167,0.49303,0.33884,0.61242,0.6502,0.48275,0.60515,0.5564,0.40025,0.60091,0.31975,0.66819,0.37541,0.53262,0.59361,0.62442,0.53935,0.41338,0.52003,0.46973,0.52016,0.47736,0.51275,0.55802,0.2739,0.60864,0.50885,0.47202,0.50478,0.30656,0.37122,0.35583,0.5181,0.35619,0.43549,0.59787,0.4077,0.34044,0.35608,0.61502,0.52781,0.5925,0.36701,0.43077,0.57525,0.46234,0.58579,0.57323,0.45798,1
0.32092,0.59013,0.65944,0.39597,0.31495,0.53155,0.45337,0.52067,0.43581,0.54363,0.33466,0.53838,0.51773,0.33524,0.7184,0.44301,0.39136,0.42875,0.47821,0.52185,0.49491,0.46809,0.47554,0.41859,0.66268,0.44299,0.54787,0.42001,0.42434,0.60491,0.50993,0.49329,0.64872,0.44288,0.5067,0.60668,0.44899,0.44885,0.37318,0.38253,0.60843,0.37939,0.50056,0.56268,0.52796,0.56131,0.48497,0.56243,0.52467,0.51882,0
0.35863,0.45132,0.37354,0.40464,0.40477,0.55266,0.6883,0.69014,0.733,0.30312,0.64148,0.52947,0.48744,0.37216,0.66345,0.44243,0.55018,0.49896,0.40924,0.50342,0.34132,0.59228,0.40677,0.42211,0.60088,0.48367,0.54452,0.37631,0.31392,0.49936,0.26163,0.45694,0.54581,0.62739,0.53957,0.49893,0.3642,0.55198,0.46654,0.47106,0.59327,0.64118,0.56195,0.37186,0.50354,0.57974,0.43029,0.66712,0.70297,0.42019,0
0.41207,0.39198,0.3348,0.4962,0.62066,0.42656,0.58933,0.62402,0.54145,0.52535,0.58041,0.45325,0.4215,0.68009,0.47195,0.46116,0.48976,0.38837,0.58191,0.52803,0.59885,0.60103,0.4415,0.48884,0.52603,0.46614,0.53293,0.3526,0.32444,0.54205,0.60457,0.54729,0.53005,0.5733,0.36915,0.55988,0.49556,0.61704,0.49779,0.44953,0.60104,0.32266,0.47053,0.38648,0.59501,0.40337,0.48625,0.56573,0.57903,0.42947,0
0.28972,0.48279,0.46527,0.29836,0.6017,0.71638,0.47692,0.56017,0.61674,0.39927,0.58226,0.50094,0.61549,0.51477,0.77921,0.27324,0.4586,0.54406,0.4366,0.3637,0.68299,0.4392,0.5984,0.363,0.49669,0.69784,0.49325,0.38017,0.41918,0.59749,0.6597,0.44168,0.72497,0.4785,0.36463,0.74627,0.38366,0.47095,0.46344,0.5977,0.39172,0.69751,0.60728,0.53018,0.5495,0.56194,0.49566,0.36893,0.38852,0.65929,1
0.61769,0.39412,0.60643,0.46726,0.76298,0.70043,0.59062,0.65724,0.44333,0.36153,0.34163,0.34769,0.49532,0.50786,0.63733,0.50544,0.55001,0.53857,0.61864,0.53127,0.37916,0.70931,0.46124,0.19463,0.3748,0.6234,0.54845,0.49767,0.48165,0.66364,0.26351,0.39591,0.46665,0.57715,0.44109,0.45547,0.50531,0.29571,0.68298,0.39123,0.26018,0.66275,0.44711,0.48355,0.60851,0.49195,0.44521,0.56175,0.56164,0.65722,0
0.61004,0.55809,0.58464,0.51244,0.52551,0.53709,0.61716,0.61893,0.57497,0.4177,0.32476,0.5466,0.39077,0.54746,0.61126,0.44778,0.40128,0.59595,0.53338,0.37,0.36988,0.56094,0.68375,0.47882,0.60182,0.3983,0.6329,0.50298,0.51093,0.65048,0.20995,0.30127,0.43824,0.48172,0.22534,0.5384,0.24424,0.31736,0.59808,0.34162,0.37355,0.53443,0.44186,0.53054,0.48211,0.6986,0.58834,0.60389,0.39221,0.64544,1
